,BusNum,ShuntID,SSStatus,SSCMode,SSNMW,SSNMVR,SVCSTSV,ShuntID:2,AreaNum,ZoneNum,BANumber,OwnerNum,OwnPercent,OwnerNum:1,OwnPercent:1,OwnerNum:2,OwnPercent:2,OwnerNum:3,OwnPercent:3,EMSType,EMSDeviceID,DataMaintainerAssign,AllLabels
0,10001,1,Closed,Discrete,0.00000000000000000000,0.00000000000000000000,NO ,1,1,1,1,100.000,,,,,,,,,,,
1,10020,1,Closed,Discrete,0.00000000000000000000,31.99999928474426270000,NO ,1,1,1,1,100.000,,,,,,,,,,,
2,10061,1,Closed,Discrete,0.00000000000000000000,21.99999988079071040000,NO ,1,1,1,1,100.000,,,,,,,,,,,
3,10131,1,Closed,Discrete,0.00000000000000000000,0.00000000000000000000,NO ,1,1,1,1,100.000,,,,,,,,,,,
4,10157,1,Closed,Discrete,0.00000000000000000000,80.00000119209289550000,NO ,1,1,1,1,100.000,,,,,,,,,,,
5,10218,1,Closed,Discrete,0.00000000000000000000,90.00000357627868650000,NO ,1,1,1,1,100.000,,,,,,,,,,,
6,10228,1,Closed,Discrete,0.00000000000000000000,0.00000000000000000000,NO ,1,1,1,1,100.000,,,,,,,,,,,
7,10229,1,Closed,Discrete,0.00000000000000000000,50.00000000000000000000,NO ,1,1,1,1,100.000,,,,,,,,,,,
8,10242,1,Closed,Discrete,0.00000000000000000000,60.00000238418579100000,NO ,1,1,1,1,100.000,,,,,,,,,,,
9,10302,1,Closed,Discrete,0.00000000000000000000,50.00000000000000000000,NO ,1,1,1,1,100.000,,,,,,,,,,,
10,10314,1,Closed,Discrete,0.00000000000000000000,93.50000023841857910000,NO ,1,1,1,1,100.000,,,,,,,,,,,
11,10354,1,Closed,Discrete,0.00000000000000000000,100.00000000000000000000,NO ,1,1,1,1,100.000,,,,,,,,,,,
12,10398,1,Closed,Discrete,0.00000000000000000000,60.00000238418579100000,NO ,1,1,1,1,100.000,,,,,,,,,,,
13,10426,1,Closed,Discrete,0.00000000000000000000,56.00000023841857910000,NO ,1,1,1,1,100.000,,,,,,,,,,,
14,10430,1,Closed,Discrete,0.00000000000000000000,47.99999892711639400000,NO ,1,1,1,1,100.000,,,,,,,,,,,
15,10432,1,Closed,Discrete,0.00000000000000000000,0.00000000000000000000,NO ,1,1,1,1,100.000,,,,,,,,,,,
16,10441,1,Closed,Discrete,0.00000000000000000000,60.50000190734863280000,NO ,1,1,1,1,100.000,,,,,,,,,,,
17,10484,1,Closed,Discrete,0.00000000000000000000,31.00000023841857910000,NO ,1,1,1,1,100.000,,,,,,,,,,,
18,10598,1,Closed,Discrete,0.00000000000000000000,-28.00000011920928960000,NO ,1,1,1,1,100.000,,,,,,,,,,,
19,10707,1,Closed,Discrete,0.00000000000000000000,-324.00000095367431600000,NO ,1,1,1,1,100.000,,,,,,,,,,,
20,10717,1,Closed,Discrete,0.00000000000000000000,-1538.00001144409180000000,NO ,1,1,1,1,100.000,,,,,,,,,,,
21,10734,1,Closed,Discrete,0.00000000000000000000,439.99996185302734400000,NO ,1,1,1,1,100.000,,,,,,,,,,,
22,10739,1,Closed,Discrete,0.00000000000000000000,-255.99999427795410200000,NO ,1,1,1,1,100.000,,,,,,,,,,,
23,10756,1,Closed,Discrete,0.00000000000000000000,-109.00000333786010700000,NO ,1,1,1,1,100.000,,,,,,,,,,,
24,10766,1,Closed,Discrete,0.00000000000000000000,-104.99998331069946300000,NO ,1,1,1,1,100.000,,,,,,,,,,,
25,10789,1,Closed,Discrete,0.00000000000000000000,-90.00000357627868650000,NO ,1,1,1,1,100.000,,,,,,,,,,,
26,10808,1,Closed,Discrete,0.00000000000000000000,-253.99999618530273400000,NO ,1,1,1,1,100.000,,,,,,,,,,,
27,10824,1,Closed,Discrete,0.00000000000000000000,-476.00002288818359400000,NO ,1,1,1,1,100.000,,,,,,,,,,,
28,10892,1,Closed,Discrete,0.00000000000000000000,0.00000000000000000000,NO ,1,1,1,1,100.000,,,,,,,,,,,
29,10916,1,Closed,Discrete,0.00000000000000000000,-665.99998474121093800000,NO ,1,1,1,1,100.000,,,,,,,,,,,
30,10941,1,Closed,Discrete,0.00000000000000000000,0.00000000000000000000,NO ,1,1,1,1,100.000,,,,,,,,,,,
31,10953,1,Closed,Discrete,0.00000000000000000000,46.00000083446502690000,NO ,1,1,1,1,100.000,,,,,,,,,,,
32,10970,1,Closed,Discrete,0.00000000000000000000,-201.99999809265136700000,NO ,1,1,1,1,100.000,,,,,,,,,,,
33,10986,1,Closed,Discrete,0.00000000000000000000,0.00000000000000000000,NO ,1,1,1,1,100.000,,,,,,,,,,,
34,11000,1,Closed,Discrete,0.00000000000000000000,-776.00002288818359400000,NO ,1,1,1,1,100.000,,,,,,,,,,,
35,11011,1,Closed,Discrete,0.00000000000000000000,-1745.99990844726562000000,NO ,1,1,1,1,100.000,,,,,,,,,,,
36,11027,1,Closed,Discrete,0.00000000000000000000,-177.49999761581420900000,NO ,1,1,1,1,100.000,,,,,,,,,,,
37,11038,1,Closed,Discrete,0.00000000000000000000,-383.99999141693115200000,NO ,1,1,1,1,100.000,,,,,,,,,,,
38,11051,1,Closed,Discrete,0.00000000000000000000,-28.99999916553497310000,NO ,1,1,1,1,100.000,,,,,,,,,,,
39,13002,1,Closed,Discrete,0.00000000000000000000,10.00000014901161190000,NO ,2,1,1,1,100.000,,,,,,,,,,,
40,13011,1,Closed,Discrete,0.00000000000000000000,46.00000083446502690000,NO ,2,1,1,1,100.000,,,,,,,,,,,
41,13048,1,Closed,Discrete,0.00000000000000000000,-12.50000000000000000000,NO ,2,1,1,1,100.000,,,,,,,,,,,
42,13070,1,Closed,Discrete,0.00000000000000000000,47.99999892711639400000,NO ,2,1,1,1,100.000,,,,,,,,,,,
43,13074,1,Closed,Discrete,0.00000000000000000000,0.00000000000000000000,NO ,2,1,1,1,100.000,,,,,,,,,,,
44,13076,1,Closed,Discrete,0.00000000000000000000,0.00000000000000000000,NO ,2,1,1,1,100.000,,,,,,,,,,,
45,13081,1,Closed,Discrete,0.00000000000000000000,18.00000071525573730000,NO ,2,1,1,1,100.000,,,,,,,,,,,
46,13106,1,Closed,Discrete,0.00000000000000000000,56.00000023841857910000,NO ,2,1,1,1,100.000,,,,,,,,,,,
47,13171,1,Closed,Discrete,0.00000000000000000000,0.00000000000000000000,NO ,2,1,1,1,100.000,,,,,,,,,,,
48,13202,1,Closed,Discrete,0.00000000000000000000,69.99999880790710450000,NO ,2,1,1,1,100.000,,,,,,,,,,,
49,13226,1,Closed,Discrete,0.00000000000000000000,60.00000238418579100000,NO ,2,1,1,1,100.000,,,,,,,,,,,
50,13229,1,Closed,Discrete,0.00000000000000000000,110.00000238418579100000,NO ,2,1,1,1,100.000,,,,,,,,,,,
51,13242,1,Closed,Discrete,0.00000000000000000000,58.99999737739562990000,NO ,2,1,1,1,100.000,,,,,,,,,,,
52,13297,1,Closed,Discrete,0.00000000000000000000,-92.00000166893005370000,NO ,2,1,1,1,100.000,,,,,,,,,,,
53,13372,1,Closed,Discrete,0.00000000000000000000,0.00000000000000000000,NO ,2,1,1,1,100.000,,,,,,,,,,,
54,13385,1,Closed,Discrete,0.00000000000000000000,-30.00000119209289550000,NO ,2,1,1,1,100.000,,,,,,,,,,,
55,13396,1,Closed,Discrete,0.00000000000000000000,0.00000000000000000000,NO ,2,1,1,1,100.000,,,,,,,,,,,
56,13405,1,Closed,Discrete,0.00000000000000000000,-7.99999982118606567000,NO ,2,1,1,1,100.000,,,,,,,,,,,
57,13407,1,Closed,Discrete,0.00000000000000000000,-28.00000011920928960000,NO ,2,1,1,1,100.000,,,,,,,,,,,
58,13412,1,Closed,Discrete,0.00000000000000000000,-10.00000014901161190000,NO ,2,1,1,1,100.000,,,,,,,,,,,
59,13421,1,Closed,Discrete,0.00000000000000000000,-30.00000119209289550000,NO ,2,1,1,1,100.000,,,,,,,,,,,
60,13427,1,Closed,Discrete,0.00000000000000000000,0.00000000000000000000,NO ,2,1,1,1,100.000,,,,,,,,,,,
61,13442,1,Closed,Discrete,0.00000000000000000000,-14.00000005960464480000,NO ,2,1,1,1,100.000,,,,,,,,,,,
62,13453,1,Closed,Discrete,0.00000000000000000000,-85.00000238418579100000,NO ,2,1,1,1,100.000,,,,,,,,,,,
63,13459,1,Closed,Discrete,0.00000000000000000000,-295.99997997283935500000,NO ,2,1,1,1,100.000,,,,,,,,,,,
64,13470,1,Closed,Discrete,0.00000000000000000000,-1423.99997711181641000000,NO ,2,1,1,1,100.000,,,,,,,,,,,
65,13496,1,Closed,Discrete,0.00000000000000000000,-1148.49996566772461000000,NO ,2,1,1,1,100.000,,,,,,,,,,,
66,13506,1,Closed,Discrete,0.00000000000000000000,-290.00000953674316400000,NO ,2,1,1,1,100.000,,,,,,,,,,,
67,13523,1,Closed,Discrete,0.00000000000000000000,-720.00002861022949200000,NO ,2,1,1,1,100.000,,,,,,,,,,,
68,13554,1,Closed,Discrete,0.00000000000000000000,-1199.99990463256836000000,NO ,2,1,1,1,100.000,,,,,,,,,,,
69,13562,1,Closed,Discrete,0.00000000000000000000,0.00000000000000000000,NO ,2,1,1,1,100.000,,,,,,,,,,,
70,13571,1,Closed,Discrete,0.00000000000000000000,100.00000000000000000000,NO ,2,1,1,1,100.000,,,,,,,,,,,
71,13580,1,Closed,Discrete,0.00000000000000000000,-800.00009536743164100000,NO ,2,1,1,1,100.000,,,,,,,,,,,
72,13594,1,Closed,Discrete,0.00000000000000000000,-419.99998092651367200000,NO ,2,1,1,1,100.000,,,,,,,,,,,
73,13656,1,Closed,Discrete,0.00000000000000000000,-70.99997997283935550000,NO ,2,1,1,1,100.000,,,,,,,,,,,
74,13681,1,Closed,Discrete,0.00000000000000000000,-407.99999237060546900000,NO ,2,1,1,1,100.000,,,,,,,,,,,
75,13695,1,Closed,Discrete,0.00000000000000000000,-250.00000000000000000000,NO ,2,1,1,1,100.000,,,,,,,,,,,
76,20001,1,Closed,Discrete,0.00000000000000000000,0.00000000000000000000,NO ,3,1,1,1,100.000,,,,,,,,,,,
77,20002,1,Closed,Discrete,0.00000000000000000000,0.00000000000000000000,NO ,3,1,1,1,100.000,,,,,,,,,,,
78,20022,1,Closed,Discrete,0.00000000000000000000,-90.00000357627868650000,NO ,3,1,1,1,100.000,,,,,,,,,,,
79,20031,1,Closed,Discrete,0.00000000000000000000,0.00000000000000000000,NO ,3,1,1,1,100.000,,,,,,,,,,,
80,20047,1,Closed,Discrete,0.00000000000000000000,0.00000000000000000000,NO ,3,1,1,1,100.000,,,,,,,,,,,
81,20156,1,Closed,Discrete,0.00000000000000000000,-10.00000014901161190000,NO ,3,1,1,1,100.000,,,,,,,,,,,
82,20176,1,Closed,Discrete,0.00000000000000000000,139.99999761581420900000,NO ,3,1,1,1,100.000,,,,,,,,,,,
83,20240,1,Closed,Discrete,0.00000000000000000000,118.49998235702514600000,NO ,3,1,1,1,100.000,,,,,,,,,,,
84,20243,1,Closed,Discrete,0.00000000000000000000,-77.99999713897705080000,NO ,3,1,1,1,100.000,,,,,,,,,,,
85,20291,1,Closed,Discrete,0.00000000000000000000,-491.49999618530273400000,NO ,3,1,1,1,100.000,,,,,,,,,,,
86,20296,1,Closed,Discrete,0.00000000000000000000,-346.00000381469726600000,NO ,3,1,1,1,100.000,,,,,,,,,,,
87,20308,1,Closed,Discrete,0.00000000000000000000,-279.99999523162841800000,NO ,3,1,1,1,100.000,,,,,,,,,,,
88,20316,1,Closed,Discrete,0.00000000000000000000,-720.00007629394531200000,NO ,3,1,1,1,100.000,,,,,,,,,,,
89,20365,1,Closed,Discrete,0.00000000000000000000,-121.99997901916503900000,NO ,3,1,1,1,100.000,,,,,,,,,,,
90,20374,1,Closed,Discrete,0.00000000000000000000,-448.00004959106445300000,NO ,3,1,1,1,100.000,,,,,,,,,,,
91,20387,1,Closed,Discrete,0.00000000000000000000,-1322.00012207031250000000,NO ,3,1,1,1,100.000,,,,,,,,,,,
92,20417,1,Closed,Discrete,0.00000000000000000000,0.00000000000000000000,NO ,3,1,1,1,100.000,,,,,,,,,,,
93,20423,1,Closed,Discrete,0.00000000000000000000,-659.99999046325683600000,NO ,3,1,1,1,100.000,,,,,,,,,,,
94,20433,1,Closed,Discrete,0.00000000000000000000,27.00000107288360600000,NO ,3,1,1,1,100.000,,,,,,,,,,,
95,20436,1,Closed,Discrete,0.00000000000000000000,-1053.99961471557617000000,NO ,3,1,1,1,100.000,,,,,,,,,,,
96,20476,1,Closed,Discrete,0.00000000000000000000,-305.99999427795410200000,NO ,3,1,1,1,100.000,,,,,,,,,,,
97,20480,1,Closed,Discrete,0.00000000000000000000,-195.99996805191040000000,NO ,3,1,1,1,100.000,,,,,,,,,,,
98,20484,1,Closed,Discrete,0.00000000000000000000,-281.99999332427978500000,NO ,3,1,1,1,100.000,,,,,,,,,,,
99,20497,1,Closed,Discrete,0.00000000000000000000,62.99999952316284180000,NO ,3,1,1,1,100.000,,,,,,,,,,,
100,20530,1,Closed,Discrete,0.00000000000000000000,-350.00000000000000000000,NO ,3,1,1,1,100.000,,,,,,,,,,,
101,21018,1,Closed,Discrete,0.00000000000000000000,0.00000000000000000000,NO ,4,1,1,1,100.000,,,,,,,,,,,
102,21075,1,Closed,Discrete,0.00000000000000000000,34.00000035762786870000,NO ,4,1,1,1,100.000,,,,,,,,,,,
103,21095,1,Closed,Discrete,0.00000000000000000000,72.99999594688415530000,NO ,4,1,1,1,100.000,,,,,,,,,,,
104,21105,1,Closed,Discrete,0.00000000000000000000,120.00000476837158200000,NO ,4,1,1,1,100.000,,,,,,,,,,,
105,21136,1,Closed,Discrete,0.00000000000000000000,107.00000524520874000000,NO ,4,1,1,1,100.000,,,,,,,,,,,
106,21143,1,Closed,Discrete,0.00000000000000000000,117.99999475479126000000,NO ,4,1,1,1,100.000,,,,,,,,,,,
107,21212,1,Closed,Discrete,0.00000000000000000000,0.00000000000000000000,NO ,4,1,1,1,100.000,,,,,,,,,,,
108,21221,1,Closed,Discrete,0.00000000000000000000,0.00000000000000000000,NO ,4,1,1,1,100.000,,,,,,,,,,,
109,21245,1,Closed,Discrete,0.00000000000000000000,142.00000762939453100000,NO ,4,1,1,1,100.000,,,,,,,,,,,
110,21372,1,Closed,Discrete,0.00000000000000000000,25.99999904632568360000,NO ,4,1,1,1,100.000,,,,,,,,,,,
111,21373,1,Closed,Discrete,0.00000000000000000000,69.99999880790710450000,NO ,4,1,1,1,100.000,,,,,,,,,,,
112,21380,1,Closed,Discrete,0.00000000000000000000,118.00000667572021500000,NO ,4,1,1,1,100.000,,,,,,,,,,,
113,21593,1,Closed,Discrete,0.00000000000000000000,-1259.99984741210938000000,NO ,4,1,1,1,100.000,,,,,,,,,,,
114,21684,1,Closed,Discrete,0.00000000000000000000,0.00000000000000000000,NO ,4,1,1,1,100.000,,,,,,,,,,,
115,23016,1,Closed,Discrete,0.00000000000000000000,0.00000000000000000000,NO ,5,1,1,1,100.000,,,,,,,,,,,
116,23070,1,Closed,Discrete,0.00000000000000000000,101.99999809265136700000,NO ,5,1,1,1,100.000,,,,,,,,,,,
117,23157,1,Closed,Discrete,0.00000000000000000000,0.00000000000000000000,NO ,5,1,1,1,100.000,,,,,,,,,,,
118,23184,1,Closed,Discrete,0.00000000000000000000,0.00000000000000000000,NO ,5,1,1,1,100.000,,,,,,,,,,,
119,23227,1,Closed,Discrete,0.00000000000000000000,0.00000000000000000000,NO ,5,1,1,1,100.000,,,,,,,,,,,
120,23284,1,Closed,Discrete,0.00000000000000000000,-965.99998474121093800000,NO ,5,1,1,1,100.000,,,,,,,,,,,
121,23331,1,Closed,Discrete,0.00000000000000000000,-80.00000119209289550000,NO ,5,1,1,1,100.000,,,,,,,,,,,
122,23358,1,Closed,Discrete,0.00000000000000000000,0.00000000000000000000,NO ,5,1,1,1,100.000,,,,,,,,,,,
123,23391,1,Closed,Discrete,0.00000000000000000000,-153.49997282028198200000,NO ,5,1,1,1,100.000,,,,,,,,,,,
124,23412,1,Closed,Discrete,0.00000000000000000000,-908.00008773803710900000,NO ,5,1,1,1,100.000,,,,,,,,,,,
125,23424,1,Closed,Discrete,0.00000000000000000000,-51.99999809265136720000,NO ,5,1,1,1,100.000,,,,,,,,,,,
126,23442,1,Closed,Discrete,0.00000000000000000000,-218.00000667572021500000,NO ,5,1,1,1,100.000,,,,,,,,,,,
127,23450,1,Closed,Discrete,0.00000000000000000000,-359.99999046325683600000,NO ,5,1,1,1,100.000,,,,,,,,,,,
128,25112,1,Closed,Discrete,0.00000000000000000000,0.00000000000000000000,NO ,6,1,1,1,100.000,,,,,,,,,,,
129,25131,1,Closed,Discrete,0.00000000000000000000,0.00000000000000000000,NO ,6,1,1,1,100.000,,,,,,,,,,,
130,25168,1,Closed,Discrete,0.00000000000000000000,0.00000000000000000000,NO ,6,1,1,1,100.000,,,,,,,,,,,
131,25194,1,Closed,Discrete,0.00000000000000000000,0.00000000000000000000,NO ,6,1,1,1,100.000,,,,,,,,,,,
132,25197,1,Closed,Discrete,0.00000000000000000000,0.00000000000000000000,NO ,6,1,1,1,100.000,,,,,,,,,,,
133,25206,1,Closed,Discrete,0.00000000000000000000,0.00000000000000000000,NO ,6,1,1,1,100.000,,,,,,,,,,,
134,25224,1,Closed,Discrete,0.00000000000000000000,41.99999868869781490000,NO ,6,1,1,1,100.000,,,,,,,,,,,
135,25269,1,Closed,Discrete,0.00000000000000000000,30.00000119209289550000,NO ,6,1,1,1,100.000,,,,,,,,,,,
136,25275,1,Closed,Discrete,0.00000000000000000000,0.00000000000000000000,NO ,6,1,1,1,100.000,,,,,,,,,,,
137,25277,1,Closed,Discrete,0.00000000000000000000,0.00000000000000000000,NO ,6,1,1,1,100.000,,,,,,,,,,,
138,25488,1,Closed,Discrete,0.00000000000000000000,0.00000000000000000000,NO ,6,1,1,1,100.000,,,,,,,,,,,
139,25507,1,Closed,Discrete,0.00000000000000000000,0.00000000000000000000,NO ,6,1,1,1,100.000,,,,,,,,,,,
140,25517,1,Closed,Discrete,0.00000000000000000000,0.00000000000000000000,NO ,6,1,1,1,100.000,,,,,,,,,,,
141,25634,1,Closed,Discrete,0.00000000000000000000,203.99997234344482400000,NO ,6,1,1,1,100.000,,,,,,,,,,,
142,25635,1,Closed,Discrete,0.00000000000000000000,0.00000000000000000000,NO ,6,1,1,1,100.000,,,,,,,,,,,
143,25639,1,Closed,Discrete,0.00000000000000000000,0.00000000000000000000,NO ,6,1,1,1,100.000,,,,,,,,,,,
144,25661,1,Closed,Discrete,0.00000000000000000000,87.99999952316284180000,NO ,6,1,1,1,100.000,,,,,,,,,,,
145,25674,1,Closed,Discrete,0.00000000000000000000,176.00001096725463900000,NO ,6,1,1,1,100.000,,,,,,,,,,,
146,25723,1,Closed,Discrete,0.00000000000000000000,0.00000000000000000000,NO ,6,1,1,1,100.000,,,,,,,,,,,
147,25824,1,Closed,Discrete,0.00000000000000000000,0.00000000000000000000,NO ,6,1,1,1,100.000,,,,,,,,,,,
148,25864,1,Closed,Discrete,0.00000000000000000000,0.00000000000000000000,NO ,6,1,1,1,100.000,,,,,,,,,,,
149,25901,1,Closed,Discrete,0.00000000000000000000,-700.00000000000000000000,NO ,6,1,1,1,100.000,,,,,,,,,,,
150,26035,1,Closed,Discrete,0.00000000000000000000,-494.00000572204589800000,NO ,6,1,1,1,100.000,,,,,,,,,,,
151,26058,1,Closed,Discrete,0.00000000000000000000,840.00015258789062500000,NO ,6,1,1,1,100.000,,,,,,,,,,,
152,26094,1,Closed,Discrete,0.00000000000000000000,1779.99992370605469000000,NO ,6,1,1,1,100.000,,,,,,,,,,,
153,26130,1,Closed,Discrete,0.00000000000000000000,-503.99999618530273400000,NO ,6,1,1,1,100.000,,,,,,,,,,,
154,26142,1,Closed,Discrete,0.00000000000000000000,0.00000000000000000000,NO ,6,1,1,1,100.000,,,,,,,,,,,
155,26152,1,Closed,Discrete,0.00000000000000000000,482.99999237060546900000,NO ,6,1,1,1,100.000,,,,,,,,,,,
156,26160,1,Closed,Discrete,0.00000000000000000000,-1842.00000762939453000000,NO ,6,1,1,1,100.000,,,,,,,,,,,
157,26194,1,Closed,Discrete,0.00000000000000000000,-534.00001525878906200000,NO ,6,1,1,1,100.000,,,,,,,,,,,
158,28023,1,Closed,Discrete,0.00000000000000000000,-1235.99948883056641000000,NO ,7,1,1,1,100.000,,,,,,,,,,,
159,28103,1,Closed,Discrete,0.00000000000000000000,0.00000000000000000000,NO ,7,1,1,1,100.000,,,,,,,,,,,
160,28183,1,Closed,Discrete,0.00000000000000000000,-29.99999821186065670000,NO ,7,1,1,1,100.000,,,,,,,,,,,
161,28262,1,Closed,Discrete,0.00000000000000000000,0.00000000000000000000,NO ,7,1,1,1,100.000,,,,,,,,,,,
162,28327,1,Closed,Discrete,0.00000000000000000000,54.00000214576721190000,NO ,7,1,1,1,100.000,,,,,,,,,,,
163,28330,1,Closed,Discrete,0.00000000000000000000,-17.50000119209289550000,NO ,7,1,1,1,100.000,,,,,,,,,,,
164,28350,1,Closed,Discrete,0.00000000000000000000,36.00000143051147460000,NO ,7,1,1,1,100.000,,,,,,,,,,,
165,28385,1,Closed,Discrete,0.00000000000000000000,30.00000119209289550000,NO ,7,1,1,1,100.000,,,,,,,,,,,
166,28570,1,Closed,Discrete,0.00000000000000000000,102.99997329711914100000,NO ,7,1,1,1,100.000,,,,,,,,,,,
167,28610,1,Closed,Discrete,0.00000000000000000000,0.00000000000000000000,NO ,7,1,1,1,100.000,,,,,,,,,,,
168,28717,1,Closed,Discrete,0.00000000000000000000,0.00000000000000000000,NO ,7,1,1,1,100.000,,,,,,,,,,,
169,28758,1,Closed,Discrete,0.00000000000000000000,-669.99998092651367200000,NO ,7,1,1,1,100.000,,,,,,,,,,,
170,28762,1,Closed,Discrete,0.00000000000000000000,-294.00000572204589800000,NO ,7,1,1,1,100.000,,,,,,,,,,,
171,28794,1,Closed,Discrete,0.00000000000000000000,229.99997138977050800000,NO ,7,1,1,1,100.000,,,,,,,,,,,
172,28803,1,Closed,Discrete,0.00000000000000000000,5.49999997019767761000,NO ,7,1,1,1,100.000,,,,,,,,,,,
173,28814,1,Closed,Discrete,0.00000000000000000000,0.00000000000000000000,NO ,7,1,1,1,100.000,,,,,,,,,,,
174,28847,1,Closed,Discrete,0.00000000000000000000,-81.99999928474426270000,NO ,7,1,1,1,100.000,,,,,,,,,,,
175,28879,1,Closed,Discrete,0.00000000000000000000,-519.99998092651367200000,NO ,7,1,1,1,100.000,,,,,,,,,,,
176,28911,1,Closed,Discrete,0.00000000000000000000,-521.99997901916503900000,NO ,7,1,1,1,100.000,,,,,,,,,,,
177,28945,1,Closed,Discrete,0.00000000000000000000,99.00000095367431640000,NO ,7,1,1,1,100.000,,,,,,,,,,,
178,29015,1,Closed,Discrete,0.00000000000000000000,-139.99999761581420900000,NO ,7,1,1,1,100.000,,,,,,,,,,,
179,29024,1,Closed,Discrete,0.00000000000000000000,31.99999928474426270000,NO ,7,1,1,1,100.000,,,,,,,,,,,
180,29039,1,Closed,Discrete,0.00000000000000000000,0.00000000000000000000,NO ,7,1,1,1,100.000,,,,,,,,,,,
181,30030,1,Closed,Discrete,0.00000000000000000000,113.99999856948852500000,NO ,8,1,1,1,100.000,,,,,,,,,,,
182,30065,1,Closed,Discrete,0.00000000000000000000,-24.00000393390655520000,NO ,8,1,1,1,100.000,,,,,,,,,,,
183,30075,1,Closed,Discrete,0.00000000000000000000,-124.00002479553222700000,NO ,8,1,1,1,100.000,,,,,,,,,,,
184,30079,1,Closed,Discrete,0.00000000000000000000,0.00000000000000000000,NO ,8,1,1,1,100.000,,,,,,,,,,,
185,30081,1,Closed,Discrete,0.00000000000000000000,0.00000000000000000000,NO ,8,1,1,1,100.000,,,,,,,,,,,
186,30083,1,Closed,Discrete,0.00000000000000000000,0.00000000000000000000,NO ,8,1,1,1,100.000,,,,,,,,,,,
187,30085,1,Closed,Discrete,0.00000000000000000000,0.00000000000000000000,NO ,8,1,1,1,100.000,,,,,,,,,,,
188,30088,1,Closed,Discrete,0.00000000000000000000,-10.00000014901161190000,NO ,8,1,1,1,100.000,,,,,,,,,,,
189,30092,1,Closed,Discrete,0.00000000000000000000,0.00000000000000000000,NO ,8,1,1,1,100.000,,,,,,,,,,,
190,30093,1,Closed,Discrete,0.00000000000000000000,-322.49999046325683600000,NO ,8,1,1,1,100.000,,,,,,,,,,,
191,30100,1,Closed,Discrete,0.00000000000000000000,-14.00000005960464480000,NO ,8,1,1,1,100.000,,,,,,,,,,,
192,30243,1,Closed,Discrete,0.00000000000000000000,-14.00000005960464480000,NO ,8,1,1,1,100.000,,,,,,,,,,,
193,30244,1,Closed,Discrete,0.00000000000000000000,0.00000000000000000000,NO ,8,1,1,1,100.000,,,,,,,,,,,
194,30246,1,Closed,Discrete,0.00000000000000000000,20.00000029802322390000,NO ,8,1,1,1,100.000,,,,,,,,,,,
195,30248,1,Closed,Discrete,0.00000000000000000000,-17.50000119209289550000,NO ,8,1,1,1,100.000,,,,,,,,,,,
196,30261,1,Closed,Discrete,0.00000000000000000000,-30.00000119209289550000,NO ,8,1,1,1,100.000,,,,,,,,,,,
197,30264,1,Closed,Discrete,0.00000000000000000000,0.00000000000000000000,NO ,8,1,1,1,100.000,,,,,,,,,,,
198,30271,1,Closed,Discrete,0.00000000000000000000,-297.99997806549072300000,NO ,8,1,1,1,100.000,,,,,,,,,,,
199,30278,1,Closed,Discrete,0.00000000000000000000,-41.99999868869781490000,NO ,8,1,1,1,100.000,,,,,,,,,,,
200,30288,1,Closed,Discrete,0.00000000000000000000,-72.00000882148742680000,NO ,8,1,1,1,100.000,,,,,,,,,,,
201,30313,1,Closed,Discrete,0.00000000000000000000,-810.00003814697265600000,NO ,8,1,1,1,100.000,,,,,,,,,,,
202,30356,1,Closed,Discrete,0.00000000000000000000,0.00000000000000000000,NO ,8,1,1,1,100.000,,,,,,,,,,,
203,30362,1,Closed,Discrete,0.00000000000000000000,-165.99998474121093800000,NO ,8,1,1,1,100.000,,,,,,,,,,,
204,30369,1,Closed,Discrete,0.00000000000000000000,-611.00001335144043000000,NO ,8,1,1,1,100.000,,,,,,,,,,,
205,30382,1,Closed,Discrete,0.00000000000000000000,-279.99999523162841800000,NO ,8,1,1,1,100.000,,,,,,,,,,,
206,30387,1,Closed,Discrete,0.00000000000000000000,-909.99984741210937500000,NO ,8,1,1,1,100.000,,,,,,,,,,,
207,30399,1,Closed,Discrete,0.00000000000000000000,-98.00000190734863280000,NO ,8,1,1,1,100.000,,,,,,,,,,,
208,30437,1,Closed,Discrete,0.00000000000000000000,-505.00020980834960900000,NO ,8,1,1,1,100.000,,,,,,,,,,,
209,30458,1,Closed,Discrete,0.00000000000000000000,-137.50001192092895500000,NO ,8,1,1,1,100.000,,,,,,,,,,,
210,40000,1,Closed,Discrete,0.00000000000000000000,14.00000005960464480000,NO ,9,1,1,1,100.000,,,,,,,,,,,
211,40008,1,Closed,Discrete,0.00000000000000000000,0.00000000000000000000,NO ,9,1,1,1,100.000,,,,,,,,,,,
212,40033,1,Closed,Discrete,0.00000000000000000000,-250.00000000000000000000,NO ,9,1,1,1,100.000,,,,,,,,,,,
213,40056,1,Closed,Discrete,0.00000000000000000000,0.00000000000000000000,NO ,9,1,1,1,100.000,,,,,,,,,,,
214,40074,1,Closed,Discrete,0.00000000000000000000,-76.99999809265136720000,NO ,9,1,1,1,100.000,,,,,,,,,,,
215,40088,1,Closed,Discrete,0.00000000000000000000,0.00000000000000000000,NO ,9,1,1,1,100.000,,,,,,,,,,,
216,40099,1,Closed,Discrete,0.00000000000000000000,21.99999988079071040000,NO ,9,1,1,1,100.000,,,,,,,,,,,
217,40107,1,Closed,Discrete,0.00000000000000000000,80.00000119209289550000,NO ,9,1,1,1,100.000,,,,,,,,,,,
218,40186,1,Closed,Discrete,0.00000000000000000000,0.00000000000000000000,NO ,9,1,1,1,100.000,,,,,,,,,,,
219,40199,1,Closed,Discrete,0.00000000000000000000,0.00000000000000000000,NO ,9,1,1,1,100.000,,,,,,,,,,,
220,40248,1,Closed,Discrete,0.00000000000000000000,12.50000000000000000000,NO ,9,1,1,1,100.000,,,,,,,,,,,
221,40254,1,Closed,Discrete,0.00000000000000000000,-227.99999713897705100000,NO ,9,1,1,1,100.000,,,,,,,,,,,
222,40260,1,Closed,Discrete,0.00000000000000000000,-440.00000953674316400000,NO ,9,1,1,1,100.000,,,,,,,,,,,
223,40273,1,Closed,Discrete,0.00000000000000000000,0.00000000000000000000,NO ,9,1,1,1,100.000,,,,,,,,,,,
224,40327,1,Closed,Discrete,0.00000000000000000000,0.00000000000000000000,NO ,9,1,1,1,100.000,,,,,,,,,,,
225,40335,1,Closed,Discrete,0.00000000000000000000,0.00000000000000000000,NO ,9,1,1,1,100.000,,,,,,,,,,,
226,40345,1,Closed,Discrete,0.00000000000000000000,150.00002384185791000000,NO ,9,1,1,1,100.000,,,,,,,,,,,
227,40407,1,Closed,Discrete,0.00000000000000000000,60.00000238418579100000,NO ,9,1,1,1,100.000,,,,,,,,,,,
228,40428,1,Closed,Discrete,0.00000000000000000000,-49.00000095367431640000,NO ,9,1,1,1,100.000,,,,,,,,,,,
229,40461,1,Closed,Discrete,0.00000000000000000000,9.99999865889549255000,NO ,9,1,1,1,100.000,,,,,,,,,,,
230,40507,1,Closed,Discrete,0.00000000000000000000,-41.00000262260437010000,NO ,9,1,1,1,100.000,,,,,,,,,,,
231,40520,1,Closed,Discrete,0.00000000000000000000,150.00000000000000000000,NO ,9,1,1,1,100.000,,,,,,,,,,,
232,40597,1,Closed,Discrete,0.00000000000000000000,23.99999946355819700000,NO ,9,1,1,1,100.000,,,,,,,,,,,
233,40623,1,Closed,Discrete,0.00000000000000000000,-300.00000000000000000000,NO ,9,1,1,1,100.000,,,,,,,,,,,
234,40630,1,Closed,Discrete,0.00000000000000000000,-5.00000007450580597000,NO ,9,1,1,1,100.000,,,,,,,,,,,
235,40631,1,Closed,Discrete,0.00000000000000000000,-107.99999237060546900000,NO ,9,1,1,1,100.000,,,,,,,,,,,
236,40639,1,Closed,Discrete,0.00000000000000000000,36.00000143051147460000,NO ,9,1,1,1,100.000,,,,,,,,,,,
237,40655,1,Closed,Discrete,0.00000000000000000000,-389.99998569488525400000,NO ,9,1,1,1,100.000,,,,,,,,,,,
238,40666,1,Closed,Discrete,0.00000000000000000000,-155.99999427795410200000,NO ,9,1,1,1,100.000,,,,,,,,,,,
239,40668,1,Closed,Discrete,0.00000000000000000000,-365.49999713897705100000,NO ,9,1,1,1,100.000,,,,,,,,,,,
240,40685,1,Closed,Discrete,0.00000000000000000000,0.00000000000000000000,NO ,9,1,1,1,100.000,,,,,,,,,,,
241,40693,1,Closed,Discrete,0.00000000000000000000,0.00000000000000000000,NO ,9,1,1,1,100.000,,,,,,,,,,,
242,40698,1,Closed,Discrete,0.00000000000000000000,-170.00000476837158200000,NO ,9,1,1,1,100.000,,,,,,,,,,,
243,40704,1,Closed,Discrete,0.00000000000000000000,0.00000000000000000000,NO ,9,1,1,1,100.000,,,,,,,,,,,
244,40713,1,Closed,Discrete,0.00000000000000000000,-28.00000011920928960000,NO ,9,1,1,1,100.000,,,,,,,,,,,
245,40729,1,Closed,Discrete,0.00000000000000000000,-330.00001907348632800000,NO ,9,1,1,1,100.000,,,,,,,,,,,
246,40760,1,Closed,Discrete,0.00000000000000000000,-713.99998664855957000000,NO ,9,1,1,1,100.000,,,,,,,,,,,
247,40765,1,Closed,Discrete,0.00000000000000000000,-523.99997711181640600000,NO ,9,1,1,1,100.000,,,,,,,,,,,
248,40783,1,Closed,Discrete,0.00000000000000000000,0.00000000000000000000,NO ,9,1,1,1,100.000,,,,,,,,,,,
249,40809,1,Closed,Discrete,0.00000000000000000000,-69.99999880790710450000,NO ,9,1,1,1,100.000,,,,,,,,,,,
250,40819,1,Closed,Discrete,0.00000000000000000000,-419.99998092651367200000,NO ,9,1,1,1,100.000,,,,,,,,,,,
251,40840,1,Closed,Discrete,0.00000000000000000000,200.00000000000000000000,NO ,9,1,1,1,100.000,,,,,,,,,,,
252,40847,1,Closed,Discrete,0.00000000000000000000,0.00000000000000000000,NO ,9,1,1,1,100.000,,,,,,,,,,,
253,40875,1,Closed,Discrete,0.00000000000000000000,-403.99999618530273400000,NO ,9,1,1,1,100.000,,,,,,,,,,,
254,40890,1,Closed,Discrete,0.00000000000000000000,-160.00000238418579100000,NO ,9,1,1,1,100.000,,,,,,,,,,,
255,40898,1,Closed,Discrete,0.00000000000000000000,-700.00000000000000000000,NO ,9,1,1,1,100.000,,,,,,,,,,,
256,40922,1,Closed,Discrete,0.00000000000000000000,-390.99996089935302700000,NO ,9,1,1,1,100.000,,,,,,,,,,,
257,40931,1,Closed,Discrete,0.00000000000000000000,-1022.00002670288086000000,NO ,9,1,1,1,100.000,,,,,,,,,,,
258,40939,1,Closed,Discrete,0.00000000000000000000,0.00000000000000000000,NO ,9,1,1,1,100.000,,,,,,,,,,,
259,40955,1,Closed,Discrete,0.00000000000000000000,0.00000000000000000000,NO ,9,1,1,1,100.000,,,,,,,,,,,
260,40956,1,Closed,Discrete,0.00000000000000000000,-60.00000238418579100000,NO ,9,1,1,1,100.000,,,,,,,,,,,
261,40967,1,Closed,Discrete,0.00000000000000000000,80.00000119209289550000,NO ,9,1,1,1,100.000,,,,,,,,,,,
262,40979,1,Closed,Discrete,0.00000000000000000000,-316.00000858306884800000,NO ,9,1,1,1,100.000,,,,,,,,,,,
263,40991,1,Closed,Discrete,0.00000000000000000000,0.00000000000000000000,NO ,9,1,1,1,100.000,,,,,,,,,,,
264,41006,1,Closed,Discrete,0.00000000000000000000,-309.99999046325683600000,NO ,9,1,1,1,100.000,,,,,,,,,,,
265,50001,1,Closed,Discrete,0.00000000000000000000,-30.00000119209289550000,NO ,10,1,1,1,100.000,,,,,,,,,,,
266,50019,1,Closed,Discrete,0.00000000000000000000,-259.99999046325683600000,NO ,10,1,1,1,100.000,,,,,,,,,,,
267,50068,1,Closed,Discrete,0.00000000000000000000,0.00000000000000000000,NO ,10,1,1,1,100.000,,,,,,,,,,,
268,50070,1,Closed,Discrete,0.00000000000000000000,-7.99999907612800598000,NO ,10,1,1,1,100.000,,,,,,,,,,,
269,50098,1,Closed,Discrete,0.00000000000000000000,0.00000000000000000000,NO ,10,1,1,1,100.000,,,,,,,,,,,
270,50116,1,Closed,Discrete,0.00000000000000000000,719.99998092651367200000,NO ,10,1,1,1,100.000,,,,,,,,,,,
271,50163,1,Closed,Discrete,0.00000000000000000000,147.00000286102294900000,NO ,10,1,1,1,100.000,,,,,,,,,,,
272,50203,1,Closed,Discrete,0.00000000000000000000,0.00000000000000000000,NO ,10,1,1,1,100.000,,,,,,,,,,,
273,50209,1,Closed,Discrete,0.00000000000000000000,-17.00000017881393430000,NO ,10,1,1,1,100.000,,,,,,,,,,,
274,50215,1,Closed,Discrete,0.00000000000000000000,0.00000000000000000000,NO ,10,1,1,1,100.000,,,,,,,,,,,
275,50239,1,Closed,Discrete,0.00000000000000000000,-28.00000011920928960000,NO ,10,1,1,1,100.000,,,,,,,,,,,
276,50268,1,Closed,Discrete,0.00000000000000000000,-37.99999952316284180000,NO ,10,1,1,1,100.000,,,,,,,,,,,
277,50279,1,Closed,Discrete,0.00000000000000000000,-20.99999934434890750000,NO ,10,1,1,1,100.000,,,,,,,,,,,
278,50301,1,Closed,Discrete,0.00000000000000000000,0.00000000000000000000,NO ,10,1,1,1,100.000,,,,,,,,,,,
279,50337,1,Closed,Discrete,0.00000000000000000000,-207.50000476837158200000,NO ,10,1,1,1,100.000,,,,,,,,,,,
280,50340,1,Closed,Discrete,0.00000000000000000000,-220.00000476837158200000,NO ,10,1,1,1,100.000,,,,,,,,,,,
281,50345,1,Closed,Discrete,0.00000000000000000000,-9.99999865889549255000,NO ,10,1,1,1,100.000,,,,,,,,,,,
282,50352,1,Closed,Discrete,0.00000000000000000000,-43.99999976158142090000,NO ,10,1,1,1,100.000,,,,,,,,,,,
283,50356,1,Closed,Discrete,0.00000000000000000000,-459.99999046325683600000,NO ,10,1,1,1,100.000,,,,,,,,,,,
284,50370,1,Closed,Discrete,0.00000000000000000000,-148.50000143051147500000,NO ,10,1,1,1,100.000,,,,,,,,,,,
285,50380,1,Closed,Discrete,0.00000000000000000000,-46.00000083446502690000,NO ,10,1,1,1,100.000,,,,,,,,,,,
286,50395,1,Closed,Discrete,0.00000000000000000000,-613.99998664855957000000,NO ,10,1,1,1,100.000,,,,,,,,,,,
287,50406,1,Closed,Discrete,0.00000000000000000000,-627.99997329711914100000,NO ,10,1,1,1,100.000,,,,,,,,,,,
288,50414,1,Closed,Discrete,0.00000000000000000000,0.00000000000000000000,NO ,10,1,1,1,100.000,,,,,,,,,,,
289,50428,1,Closed,Discrete,0.00000000000000000000,-250.00000000000000000000,NO ,10,1,1,1,100.000,,,,,,,,,,,
290,50438,1,Closed,Discrete,0.00000000000000000000,-146.00000381469726600000,NO ,10,1,1,1,100.000,,,,,,,,,,,
291,50446,1,Closed,Discrete,0.00000000000000000000,-158.00000429153442400000,NO ,10,1,1,1,100.000,,,,,,,,,,,
292,50450,1,Closed,Discrete,0.00000000000000000000,-63.99999856948852540000,NO ,10,1,1,1,100.000,,,,,,,,,,,
293,50453,1,Closed,Discrete,0.00000000000000000000,-160.00000238418579100000,NO ,10,1,1,1,100.000,,,,,,,,,,,
294,53012,1,Closed,Discrete,0.00000000000000000000,-7.00000002980232239000,NO ,11,1,1,1,100.000,,,,,,,,,,,
295,53020,1,Closed,Discrete,0.00000000000000000000,0.00000000000000000000,NO ,11,1,1,1,100.000,,,,,,,,,,,
296,53040,1,Closed,Discrete,0.00000000000000000000,37.99999952316284180000,NO ,11,1,1,1,100.000,,,,,,,,,,,
297,53073,1,Closed,Discrete,0.00000000000000000000,20.00000029802322390000,NO ,11,1,1,1,100.000,,,,,,,,,,,
298,53139,1,Closed,Discrete,0.00000000000000000000,58.50000381469726560000,NO ,11,1,1,1,100.000,,,,,,,,,,,
299,53175,1,Closed,Discrete,0.00000000000000000000,0.00000000000000000000,NO ,11,1,1,1,100.000,,,,,,,,,,,
300,53182,1,Closed,Discrete,0.00000000000000000000,5.99999986588954926000,NO ,11,1,1,1,100.000,,,,,,,,,,,
301,53212,1,Closed,Discrete,0.00000000000000000000,0.00000000000000000000,NO ,11,1,1,1,100.000,,,,,,,,,,,
302,53228,1,Closed,Discrete,0.00000000000000000000,-279.99999523162841800000,NO ,11,1,1,1,100.000,,,,,,,,,,,
303,53250,1,Closed,Discrete,0.00000000000000000000,-438.00001144409179700000,NO ,11,1,1,1,100.000,,,,,,,,,,,
304,53272,1,Closed,Discrete,0.00000000000000000000,-92.00000166893005370000,NO ,11,1,1,1,100.000,,,,,,,,,,,
305,53282,1,Closed,Discrete,0.00000000000000000000,-66.00000262260437010000,NO ,11,1,1,1,100.000,,,,,,,,,,,
306,60031,1,Closed,Discrete,0.00000000000000000000,0.00000000000000000000,NO ,12,1,1,1,100.000,,,,,,,,,,,
307,60059,1,Closed,Discrete,0.00000000000000000000,0.00000000000000000000,NO ,12,1,1,1,100.000,,,,,,,,,,,
308,60106,1,Closed,Discrete,0.00000000000000000000,-30.00000119209289550000,NO ,12,1,1,1,100.000,,,,,,,,,,,
309,60158,1,Closed,Discrete,0.00000000000000000000,0.00000000000000000000,NO ,12,1,1,1,100.000,,,,,,,,,,,
310,60247,1,Closed,Discrete,0.00000000000000000000,25.99999904632568360000,NO ,12,1,1,1,100.000,,,,,,,,,,,
311,60260,1,Closed,Discrete,0.00000000000000000000,0.00000000000000000000,NO ,12,1,1,1,100.000,,,,,,,,,,,
312,60373,1,Closed,Discrete,0.00000000000000000000,0.00000000000000000000,NO ,12,1,1,1,100.000,,,,,,,,,,,
313,60439,1,Closed,Discrete,0.00000000000000000000,73.50000143051147460000,NO ,12,1,1,1,100.000,,,,,,,,,,,
314,60482,1,Closed,Discrete,0.00000000000000000000,0.00000000000000000000,NO ,12,1,1,1,100.000,,,,,,,,,,,
315,60487,1,Closed,Discrete,0.00000000000000000000,50.00000000000000000000,NO ,12,1,1,1,100.000,,,,,,,,,,,
316,60494,1,Closed,Discrete,0.00000000000000000000,83.99999737739562990000,NO ,12,1,1,1,100.000,,,,,,,,,,,
317,60510,1,Closed,Discrete,0.00000000000000000000,-34.00000035762786870000,NO ,12,1,1,1,100.000,,,,,,,,,,,
318,60512,1,Closed,Discrete,0.00000000000000000000,34.99999940395355220000,NO ,12,1,1,1,100.000,,,,,,,,,,,
319,60583,1,Closed,Discrete,0.00000000000000000000,0.00000000000000000000,NO ,12,1,1,1,100.000,,,,,,,,,,,
320,60604,1,Closed,Discrete,0.00000000000000000000,10.00000014901161190000,NO ,12,1,1,1,100.000,,,,,,,,,,,
321,60621,1,Closed,Discrete,0.00000000000000000000,-37.99999952316284180000,NO ,12,1,1,1,100.000,,,,,,,,,,,
322,60626,1,Closed,Discrete,0.00000000000000000000,-57.99999833106994630000,NO ,12,1,1,1,100.000,,,,,,,,,,,
323,60634,1,Closed,Discrete,0.00000000000000000000,489.99991416931152300000,NO ,12,1,1,1,100.000,,,,,,,,,,,
324,60640,1,Closed,Discrete,0.00000000000000000000,0.00000000000000000000,NO ,12,1,1,1,100.000,,,,,,,,,,,
325,60648,1,Closed,Discrete,0.00000000000000000000,-450.00000000000000000000,NO ,12,1,1,1,100.000,,,,,,,,,,,
326,60653,1,Closed,Discrete,0.00000000000000000000,-225.00000000000000000000,NO ,12,1,1,1,100.000,,,,,,,,,,,
327,60665,1,Closed,Discrete,0.00000000000000000000,78.99997234344482420000,NO ,12,1,1,1,100.000,,,,,,,,,,,
328,60682,1,Closed,Discrete,0.00000000000000000000,30.50000071525573730000,NO ,12,1,1,1,100.000,,,,,,,,,,,
329,60694,1,Closed,Discrete,0.00000000000000000000,0.00000000000000000000,NO ,12,1,1,1,100.000,,,,,,,,,,,
330,60704,1,Closed,Discrete,0.00000000000000000000,0.00000000000000000000,NO ,12,1,1,1,100.000,,,,,,,,,,,
331,60709,1,Closed,Discrete,0.00000000000000000000,-259.99999046325683600000,NO ,12,1,1,1,100.000,,,,,,,,,,,
332,60713,1,Closed,Discrete,0.00000000000000000000,93.00000071525573730000,NO ,12,1,1,1,100.000,,,,,,,,,,,
333,60738,1,Closed,Discrete,0.00000000000000000000,-27.50000059604644780000,NO ,12,1,1,1,100.000,,,,,,,,,,,
334,60757,1,Closed,Discrete,0.00000000000000000000,-452.00014114379882800000,NO ,12,1,1,1,100.000,,,,,,,,,,,
335,60785,1,Closed,Discrete,0.00000000000000000000,-644.00005340576171900000,NO ,12,1,1,1,100.000,,,,,,,,,,,
336,60801,1,Closed,Discrete,0.00000000000000000000,-839.99996185302734400000,NO ,12,1,1,1,100.000,,,,,,,,,,,
337,60804,1,Closed,Discrete,0.00000000000000000000,-517.99998283386230500000,NO ,12,1,1,1,100.000,,,,,,,,,,,
338,60812,1,Closed,Discrete,0.00000000000000000000,-43.99999976158142090000,NO ,12,1,1,1,100.000,,,,,,,,,,,
339,60830,1,Closed,Discrete,0.00000000000000000000,-137.00000047683715800000,NO ,12,1,1,1,100.000,,,,,,,,,,,
340,60836,1,Closed,Discrete,0.00000000000000000000,0.00000000000000000000,NO ,12,1,1,1,100.000,,,,,,,,,,,
341,60867,1,Closed,Discrete,0.00000000000000000000,-530.00001907348632800000,NO ,12,1,1,1,100.000,,,,,,,,,,,
342,60876,1,Closed,Discrete,0.00000000000000000000,0.00000000000000000000,NO ,12,1,1,1,100.000,,,,,,,,,,,
343,60884,1,Closed,Discrete,0.00000000000000000000,-377.99999713897705100000,NO ,12,1,1,1,100.000,,,,,,,,,,,
344,70022,1,Closed,Discrete,0.00000000000000000000,0.00000000000000000000,NO ,13,1,1,1,100.000,,,,,,,,,,,
345,70026,1,Open,Discrete,0.00000000000000000000,0.00000000000000000000,NO ,13,1,1,1,100.000,,,,,,,,,,,
346,70027,1,Closed,Discrete,0.00000000000000000000,0.00000000000000000000,NO ,13,1,1,1,100.000,,,,,,,,,,,
347,70030,1,Closed,Discrete,0.00000000000000000000,45.00000178813934330000,NO ,13,1,1,1,100.000,,,,,,,,,,,
348,70031,1,Closed,Discrete,0.00000000000000000000,-14.00000005960464480000,NO ,13,1,1,1,100.000,,,,,,,,,,,
349,70034,1,Closed,Discrete,0.00000000000000000000,0.00000000000000000000,NO ,13,1,1,1,100.000,,,,,,,,,,,
350,70067,1,Closed,Discrete,0.00000000000000000000,25.00000000000000000000,NO ,13,1,1,1,100.000,,,,,,,,,,,
351,70071,1,Closed,Discrete,0.00000000000000000000,0.00000000000000000000,NO ,13,1,1,1,100.000,,,,,,,,,,,
352,70161,1,Closed,Discrete,0.00000000000000000000,-87.99998760223388670000,NO ,13,1,1,1,100.000,,,,,,,,,,,
353,74150,1,Closed,Discrete,0.00000000000000000000,-30.00000119209289550000,NO ,14,1,1,1,100.000,,,,,,,,,,,
354,74154,1,Closed,Discrete,0.00000000000000000000,0.00000000000000000000,NO ,14,1,1,1,100.000,,,,,,,,,,,
355,74161,1,Closed,Discrete,0.00000000000000000000,15.99999964237213140000,NO ,14,1,1,1,100.000,,,,,,,,,,,
356,74163,1,Closed,Discrete,0.00000000000000000000,0.00000000000000000000,NO ,14,1,1,1,100.000,,,,,,,,,,,
357,74167,1,Closed,Discrete,0.00000000000000000000,-150.00000000000000000000,NO ,14,1,1,1,100.000,,,,,,,,,,,
358,74170,1,Closed,Discrete,0.00000000000000000000,0.00000000000000000000,NO ,14,1,1,1,100.000,,,,,,,,,,,
359,74217,1,Closed,Discrete,0.00000000000000000000,-92.00000762939453120000,NO ,14,1,1,1,100.000,,,,,,,,,,,
360,74250,1,Closed,Discrete,0.00000000000000000000,-342.00000762939453100000,NO ,14,1,1,1,100.000,,,,,,,,,,,
361,74304,1,Closed,Discrete,0.00000000000000000000,-5.00000007450580597000,NO ,14,1,1,1,100.000,,,,,,,,,,,
362,74323,1,Closed,Discrete,0.00000000000000000000,-480.00001907348632800000,NO ,14,1,1,1,100.000,,,,,,,,,,,
363,77009,1,Closed,Discrete,0.00000000000000000000,10.00000014901161190000,NO ,15,1,1,1,100.000,,,,,,,,,,,
364,77042,1,Closed,Discrete,0.00000000000000000000,-3.99999991059303284000,NO ,15,1,1,1,100.000,,,,,,,,,,,
365,77057,1,Closed,Discrete,0.00000000000000000000,-41.99999868869781490000,NO ,15,1,1,1,100.000,,,,,,,,,,,
366,77060,1,Closed,Discrete,0.00000000000000000000,-5.00000007450580597000,NO ,15,1,1,1,100.000,,,,,,,,,,,
367,77101,1,Closed,Discrete,0.00000000000000000000,0.00000000000000000000,NO ,15,1,1,1,100.000,,,,,,,,,,,
368,77118,1,Closed,Discrete,0.00000000000000000000,-3.99999991059303284000,NO ,15,1,1,1,100.000,,,,,,,,,,,
369,77133,1,Closed,Discrete,0.00000000000000000000,0.00000000000000000000,NO ,15,1,1,1,100.000,,,,,,,,,,,
370,77137,1,Closed,Discrete,0.00000000000000000000,-7.00000002980232239000,NO ,15,1,1,1,100.000,,,,,,,,,,,
371,77155,1,Closed,Discrete,0.00000000000000000000,-77.99999713897705080000,NO ,15,1,1,1,100.000,,,,,,,,,,,
372,77170,1,Closed,Discrete,0.00000000000000000000,-51.99999809265136720000,NO ,15,1,1,1,100.000,,,,,,,,,,,
373,77193,1,Closed,Discrete,0.00000000000000000000,-125.49999952316284200000,NO ,15,1,1,1,100.000,,,,,,,,,,,
374,77202,1,Closed,Discrete,0.00000000000000000000,-150.00000000000000000000,NO ,15,1,1,1,100.000,,,,,,,,,,,
375,77206,1,Closed,Discrete,0.00000000000000000000,-83.99999737739562990000,NO ,15,1,1,1,100.000,,,,,,,,,,,
376,77214,1,Closed,Discrete,0.00000000000000000000,-134.99999046325683600000,NO ,15,1,1,1,100.000,,,,,,,,,,,
377,77221,1,Closed,Discrete,0.00000000000000000000,-194.00000572204589800000,NO ,15,1,1,1,100.000,,,,,,,,,,,
378,77232,1,Closed,Discrete,0.00000000000000000000,-176.99999809265136700000,NO ,15,1,1,1,100.000,,,,,,,,,,,
379,77239,1,Closed,Discrete,0.00000000000000000000,-80.00000715255737300000,NO ,15,1,1,1,100.000,,,,,,,,,,,
380,77263,1,Closed,Discrete,0.00000000000000000000,-125.99998712539672800000,NO ,15,1,1,1,100.000,,,,,,,,,,,
381,77271,1,Closed,Discrete,0.00000000000000000000,-36.00000143051147460000,NO ,15,1,1,1,100.000,,,,,,,,,,,
382,77272,1,Closed,Discrete,0.00000000000000000000,-332.00001716613769500000,NO ,15,1,1,1,100.000,,,,,,,,,,,
383,77282,1,Closed,Discrete,0.00000000000000000000,-100.00000000000000000000,NO ,15,1,1,1,100.000,,,,,,,,,,,
384,77287,1,Closed,Discrete,0.00000000000000000000,-61.00000143051147460000,NO ,15,1,1,1,100.000,,,,,,,,,,,
385,80044,1,Closed,Discrete,0.00000000000000000000,46.00000083446502690000,NO ,16,1,1,1,100.000,,,,,,,,,,,
386,80076,1,Closed,Discrete,0.00000000000000000000,62.00000643730163570000,NO ,16,1,1,1,100.000,,,,,,,,,,,
